/*!40101 SET NAMES utf8 */;

/*!40101 SET SQL_MODE=''*/;

/*!40014 SET @OLD_UNIQUE_CHECKS=@@UNIQUE_CHECKS, UNIQUE_CHECKS=0 */;
/*!40014 SET @OLD_FOREIGN_KEY_CHECKS=@@FOREIGN_KEY_CHECKS, FOREIGN_KEY_CHECKS=0 */;
/*!40101 SET @OLD_SQL_MODE=@@SQL_MODE, SQL_MODE='NO_AUTO_VALUE_ON_ZERO' */;
/*!40111 SET @OLD_SQL_NOTES=@@SQL_NOTES, SQL_NOTES=0 */;
CREATE DATABASE /*!32312 IF NOT EXISTS*/`foodcompany` /*!40100 DEFAULT CHARACTER SET latin1 */;

USE `foodcompany`;

DROP TABLE IF EXISTS `employees`;

CREATE TABLE `employees`(
`employeeID` int(10) not null,
`last_name` varchar(45) not null,
`first_name` varchar(45) not null,
`date_of_birth` date not null,
`gender` varchar(45) not null,
`email` varchar(45) not null,
`cell_number` varchar(45) not null,
`address` varchar(45) not null,
`city` varchar(45) not null,
`state` varchar(45) not null,
`postal_code` varchar(45) not null,
`country` varchar(45) not null,
`hired_date` date not null,
`position` varchar(45) not null,
`department` varchar(45) not null,
`salary` decimal(10,2) default null,
PRIMARY KEY (`employeeID`)
) ENGINE = InnoDB DEFAULT CHARSET = latin1;

INSERT INTO `employees`(`employeeID`, `last_name`, `first_name`, `date_of_birth`, `gender`, `email`, `cell_number`, `address`, `city`, `state`, `postal_code`, `country`, `hired_date`, `position`, `department`, `salary`) VALUES
(1002,'Murphy','Diane','1980-02-15', 'Female', 'dmurphy@oyster.com','530 1002', '45 Lincoln Road', 'Las Vegas', 'NV', '83030', 'USA', '2010-03-05','President', 'Marketing', '10000.00'),
(1056,'Patterson','Mary','1988-06-15', 'Female', 'mpatterso@meatco.com','531 1056', '1885 Brooklyn Blvd.', 'San Francisco', 'CA', '94217', 'USA', '2015-10-28','VP Sales', 'Sales', '6500.00'),
(1076,'Firrelli','Jeff','1990-04-21', 'Male', 'jfirrelli@savory.com','554 1076', '1008 Chase Street', 'New Haven', 'CT', '97823', 'USA', '2008-05-10', 'VP Marketing', 'Marketing', '7000.00'),
(1088,'Patterson','William','1992-10-11', 'Male','wpatterson@seasons.com','555 1088', '1990 Hillcrest Road', 'Tsawassen', 'BC', 'T2F 8M4', 'Canada', '2018-07-02', 'Sales Manager', 'Sales', '8000.00'),
(1102,'Bondur','Gerard','1989-08-15', 'Male', 'gbondur@savory.com','545 1102', '1056 Fairview Street', 'Vancouver', 'BC', 'V3F 2K1', 'Canada', '2020-01-03','Sale Manager', 'Sales', '8200.00'),
(1143,'Bow','Anthony','1993-09-11', 'Male','abow@express.com','561 1143', '1056 Chelstone Road', 'Montreal', 'Quebec', 'H1J 1C3', 'Canada', '2021-02-15', 'SEO Specialist', 'Marketing', '7900.00'),
(1165,'Jennings','Leslie','1994-10-22', 'Male', 'ljennings@pseafood.com','555 1165', '1143 Longacre Street', 'Melbourne', 'Victoria', '3004', 'Australia', '2022-03-11', 'Sales Rep', 'Sales', '5500.00'),
(1166,'Thompson','Leslie','1995-05-26', 'Male', 'lthompson@oyster.com','533 1166', '1143 Miller Street', 'Chatswood', 'NSW', '2067', 'Australia', '2019-06-25', 'Sales Rep', 'Sales', '4500.00'),
(1188,'Firrelli','Julie','1990-12-05', 'Female', 'jfirrelli@meatco.com','554 1188', '43 Duncan Street', 'South Brisbane', 'Queensland', '4101', 'Australia', '2012-02-12', 'Sales Rep', 'Sales', '4800.00'),
(1216,'Patterson','Steve','1992-08-25', 'Male', 'spatterson@asmmeat.com','544 1216', '20093 Cologno Monzese', 'Torino', 'Turin', '10100', 'Italy', '2015-11-05', 'Sales Rep', 'Sales', '6000.00'),
(1286,'Tseng','Foon Yue','1996-02-26', 'Male', 'ftseng@asmmeat.com','544 1286', '1-6-20 Dojima', 'Kita-ku', 'Osaka', ' 530-0003', 'Japan', '2018-10-02', 'Sales Rep', 'Sales', '5500.00'),
(1323,'Vanauf','George','1985-04-05', 'Male', 'gvanauf@pseafood.com','561 1323','Grenzacherweg 237', 'Geneve', 'Zurich', '1203', 'Switzerland', '2015-05-06', 'Telemarketer', 'Marketing', '7500.00'),
(1337,'Bondur','Loui','1991-05-26', 'Male', 'lbondur@oyster.com','530 1337', 'Rte des Arsenaux 41', 'Fribourg', 'Zurich', '1700', 'Switzerland', '2017-04-10', 'Sales Coordinator', 'Sales', '7800.00'),
(1112,'Jacobs','Diane','1989-02-15', 'Female', 'djacobs@oyster.com','530 1112', '45 Abraham Road', 'Las Vegas', 'NV', '83030', 'USA', '2010-03-05','President', 'Marketing', '10000.00'),
(1156,'McDaniels','Mary','1990-06-15', 'Female', 'mmary@meatco.com','531 1156', '1885 South Side Blvd.', 'San Francisco', 'CA', '94217', 'USA', '2015-10-28','VP Sales', 'Sales', '6500.00'),
(1077,'Robertson','Joseph','1996-04-21', 'Male', 'rjoseph@savory.com','554 1077', '1008 Gallagher Street', 'New Haven', 'CT', '97823', 'USA', '2008-05-10', 'VP Marketing', 'Marketing', '7000.00'),
(1018,'Henderson','Alexander','1997-10-11', 'Male','ahenderson@seasons.com','555 1018', '1990 Hilton Road', 'Tsawassen', 'BC', 'T2F 8M4', 'Canada', '2018-07-02', 'Sales Manager', 'Sales', '8000.00'),
(1111,'Fredricks','Darwin','1998-08-15', 'Male', 'fdarwin@savory.com','545 1111', '1056 Brightview Street', 'Vancouver', 'BC', 'V3F 2K1', 'Canada', '2020-01-03','Sale Manager', 'Sales', '8200.00'),
(1144,'Wilson','Ritchie','1999-09-11', 'Male','rwilson@express.com','561 1144', '1056 Downtown Road', 'Montreal', 'Quebec', 'H1J 1C3', 'Canada', '2021-02-15', 'SEO Specialist', 'Marketing', '7900.00'),
(1199,'Williamson','Gabriel','1991-10-22', 'Male', 'wgabriel@pseafood.com','555 1199', '1143 West Side Street', 'Melbourne', 'Victoria', '3004', 'Australia', '2022-03-11', 'Sales Rep', 'Sales', '5500.00'),
(1167,'White','Mathew','1996-05-26', 'Male', 'mwhite@oyster.com','533 1167', '1143 Fountain Street', 'Bentwood', 'NSW', '2067', 'Australia', '2019-06-25', 'Sales Rep', 'Sales', '4500.00'),
(1180,'Stones','Mandy','1986-12-05', 'Female', 'smandy@meatco.com','554 1180', '43 Dundee Street', 'North Brisbane', 'Queensland', '4101', 'Australia', '2012-02-12', 'Sales Rep', 'Sales', '4800.00'),
(1226,'Grealish','Rodrigo','1982-08-25', 'Male', 'grodrigo@asmmeat.com','544 1226', '20093  Monze Street', 'Torino', 'Turin', '10100', 'Italy', '2015-11-05', 'Sales Rep', 'Sales', '6000.00'),
(1276,'Chewe','Bruno','1988-02-26', 'Male', 'cbrunog@asmmeat.com','544 1276', '1-6-20 Dojima', 'Mitoma-ku', 'Osaka', ' 530-0003', 'Japan', '2018-10-02', 'Sales Rep', 'Sales', '5500.00'),
(1325,'Kapungwe','Martin','1987-04-05', 'Male', 'kmartin@pseafood.com','561 1325','Grenzacher 237', 'Geneve', 'Zurich', '1203', 'Switzerland', '2015-05-06', 'Telemarketer', 'Marketing', '7500.00'),
(1333,'Musonga','Jordan','1993-05-26', 'Male', 'mjordan@oyster.com','530 1333', 'Des Arsenaux 41', 'Fribourg', 'Zurich', '1700', 'Switzerland', '2017-04-10', 'Sales Coordinator', 'Sales', '7800.00');

DROP TABLE IF EXISTS `customers`;

CREATE TABLE `customers`(
`customerID` int(10) not null,
`last_name` varchar(45) not null,
`first_name` varchar(45) not null,
`date_of_birth` date not null,
`gender` varchar(45) not null,
`email` varchar(45) not null,
`cell_number` varchar(45) not null,
`address` varchar(45) not null,
`city` varchar(45) not null,
`state` varchar(45) not null,
`postal_code` varchar(45) not null,
`country` varchar(45) not null,
`employeeID` int(10) not null,
PRIMARY KEY (`customerID`),
KEY `employeeID` (`employeeID`),
CONSTRAINT `customers_ibfk_1` FOREIGN KEY (`employeeID`) REFERENCES `employees` (`employeeID`)
)ENGINE = InnoDB DEFAULT CHARSET = latin1;

INSERT INTO `customers`(`customerID`, `last_name`, `first_name`, `date_of_birth`, `gender`, `email`, 
`cell_number`, `address`,  `city`, `state`, `postal_code`, `country`, `employeeID`) VALUES
(001, 'Murphy', 'Jones', '1985-06-20', 'Male', 'mjones@yahoo.com', '0977 001', '3430 East Russell Rd', 'Las Vegas', 'LV', '83030', 'USA', 1337),
(002, 'Freeman', 'Susan', '1990-02-20', 'Female', 'sfreeman@gmail.com', '0971 002', '11 Richards Avenue', 'Cambridge', 'MA', '51247', 'USA', 1286),
(003, 'James', 'Kate', '1995-12-21', 'Female', 'kjames@outlook.com', '0976 003', '60311 Frankfurt Street', 'Frankfurt', 'Hesse', '60528', 'Germany', 1323),
(004, 'Dijk', 'Frank', '1999-11-25', 'Male', 'fdijk@hotmail.com', '0777 004', '17 Coleman St.', 'Glen Waverly', 'Victoria', '3150', 'Australia', 1216),
(005, 'Wayne', 'John', '2000-07-15', 'Male', 'jwayne@gmail.com', '0779 005', '400 West Road', 'Glendale', 'CA', '92561', 'USA', 1166),
(006, 'Anthony', 'Rasmus', '2001-02-28', 'Male', 'arasmus@hotmail.com', '0776 006', '154 Allen Ave.', 'Glendale', 'CT', '97561', 'USA', 1188),
(007, 'Kangwa', 'Ronald', '1997-01-17', 'Male', 'rkangwa@yahoo.com', '0777 007', '68 Bradshaws St.', 'Hatfield', 'Pretoria', '0028', 'South Africa', 1165),
(008, 'Mark', 'Lauren', '1989-03-18', 'Female', 'mlauren@gmail.com', '0999 008', '850 N Las Vegas', 'Las Vegas', 'NV', '83030', 'USA', 1102),
(009, 'Gallagher', 'Samantha', '1995-05-06', 'Female', 'gsamantha@hotmail.com', '0970 009', '7 Roppongi', 'Minato-ku', 'Tokyo', '106-0032', 'Japan', 1143),
(010, 'Ashworth', 'Ruth', '1996-05-02', 'Female', 'aruth@gmail.com', '0990 010', ' 445 Montreal Street', 'Montreal', 'Quebec', 'H1J 1C3', 'Canada', 1076),
(011, 'Musso', 'Hannah', '2000-03-11', 'Female', 'mhannah@yahoo.com', '0988 011', '165 Church St', 'New Haven', 'CT', '97823', 'USA', 1088),
(012, 'Brown', 'Kate', '2001-08-16', 'Female', 'bkate@gmail.com', '0771 012', '920 Broad Street', 'Newark', 'NJ', '94019', 'USA', 1002),
(013, 'Ohara', 'Anna', '2002-09-15', 'Female', 'oanna@gamil.com', '0971 013', '275 Alfred Street', 'North Sydney', 'NSW', '2060', 'Australia', 1056),
(014, 'Young', 'Violet', '1997-07-05', 'Female', 'vyoung@outlook.com', '0777 014', '28 Crown Street', 'South Brisbane', 'Queensland', '4101', 'Australia', 1216),
(015, 'Walker', 'Ben', '1989-06-20', 'Male', 'bwalker@outlook.com', '0771 015', '777 Dunsmuir Street', 'Vancouver', 'BC', 'V3F 2K1', 'Canada', 1188),
(016, 'Walker', 'Elizabeth', '1994-11-24', 'Female', 'ewalker@yahoo.com', '0777 016', '1496 Cartwright Street', 'Vancouver', 'BC', 'T2F 8M4', 'Canada', 1337),
(017, 'McKenzie', 'Taylor', '1998-04-16', 'Male', 'mtaylor@hotmail.com', '0777 017', '48 Boulevard Jourdan', 'Paris', 'Null', '78000', 'France', 1002),
(018, 'Young', 'Fidel', '1995-06-20', 'Male', 'yfidel@yahoo.com', '0977 018', '3430 Hamilton Rd', 'Las Vegas', 'LV', '83030', 'USA', 1337),
(019, 'Phiri', 'Bertha', '1997-02-20', 'Female', 'pbertha@gmail.com', '0971 019', '11 Walnut Avenue', 'Cambridge', 'MA', '51247', 'USA', 1286),
(020, 'Moonga', 'Leah', '1994-12-21', 'Female', 'mleah@outlook.com', '0976 020', '60311 Morton Valley St.', 'Frankfurt', 'Hesse', '60528', 'Germany', 1323),
(021, 'Shumba', 'Jennie', '1999-11-25', 'Female', 'sjennie@hotmail.com', '0777 021', '17 Birdwood St.', 'Glen Waverly', 'Victoria', '3150', 'Australia', 1216),
(022, 'Siwale', 'Deborah', '2005-07-15', 'Female', 'sdeborah@gmail.com', '0779 022', '400 chartres Road', 'Glendale', 'CA', '92561', 'USA', 1166),
(023, 'Mumu', 'Cherry', '2008-02-28', 'Female', 'cmumu@hotmail.com', '0776 023', '154 Burgundy Ave.', 'Glendale', 'CT', '97561', 'USA', 1188),
(024, 'Kabanga', 'Emmanuel', '1997-01-17', 'Male', 'ekabanga@yahoo.com', '0777 024', '68 Carollton St.', 'Hatfield', 'Pretoria', '0028', 'South Africa', 1165),
(025, 'Han', 'Jack', '1998-03-18', 'Male', 'jhan@gmail.com', '0999 025', '850 Desire Street', 'Las Vegas', 'NV', '83030', 'USA', 1102),
(026, 'Retasha', 'Naomi', '1995-05-06', 'Female', 'rnaomi@hotmail.com', '0970 026', '7 Frenchman street', 'Minato-ku', 'Tokyo', '106-0032', 'Japan', 1144),
(027, 'Mwenda', 'Maggie', '1996-05-02', 'Female', 'mmwenda@gmail.com', '0990 027', ' 445 Howard Street', 'Montreal', 'Quebec', 'H1J 1C3', 'Canada', 1076),
(028, 'Mwanza', 'Glory', '2004-03-11', 'Female', 'mglory@yahoo.com', '0988 028', '165 Julia Street', 'New Haven', 'CT', '97823', 'USA', 1088),
(029, 'Namonje', 'Agness', '2001-08-16', 'Female', 'nagness@gmail.com', '0771 029', '920 Lakeshore Drive', 'Newark', 'NJ', '94019', 'USA', 1276),
(030, 'Bulbul', 'Mary', '2002-12-15', 'Female', 'mbulbul@gamil.com', '0971 030', '275 Loyola Street', 'North Sydney', 'NSW', '2060', 'Australia', 1056),
(031, 'Banda', 'Jimmy', '1997-03-05', 'Male', 'jbanda@outlook.com', '0777 031', '28 Jackson Avenue', 'South Brisbane', 'Queensland', '4101', 'Australia', 1112),
(032, 'Walker', 'Rogers', '1989-10-20', 'Male', 'rwalker@outlook.com', '0771 032', '777 Marengo Drive', 'Vancouver', 'BC', 'V3F 2K1', 'Canada', 1325),
(033, 'Mwape', 'Patrick', '1994-10-24', 'Male', 'mpatrick@yahoo.com', '0777 033', '1496 Napoleon Street', 'Vancouver', 'BC', 'T2F 8M4', 'Canada', 1199),
(034, 'Sakala', 'Tembo', '1998-06-16', 'Male', 'stembo@hotmail.com', '0777 034', '48 Peters Boulevard ', 'Paris', 'Null', '78000', 'France', 1077),
(035, 'Fulawu', 'Vanessa', '2005-02-20', 'Female', 'fvanessa@hotmail.com', '0776 035', '154 Blair High Ave.', 'Glendale', 'CT', '97561', 'USA', 1180),
(036, 'Katongo', 'Santo', '1987-06-17', 'Male', 'ksanto@yahoo.com', '0777 036', '68 Cass Street', 'Hatfield', 'Pretoria', '0028', 'South Africa', 1167),
(037, 'Kasuba', 'Smith', '1988-05-11', 'Male', 'ksmith@gmail.com', '0999 037', '850 Center Street', 'Las Vegas', 'NV', '83030', 'USA', 1199),
(038, 'Kabika', 'Joyce', '1996-05-05', 'Female', 'kjoyce@hotmail.com', '0970 038', '7 Crown Point Av.', 'Minato-ku', 'Tokyo', '106-0032', 'Japan', 1144),
(039, 'Mwiza', 'Mutale', '1994-01-02', 'Female', 'mmutale@gmail.com', '0990 039', ' 445 Dunlop Street', 'Montreal', 'Quebec', 'H1J 1C3', 'Canada', 1111),
(040, 'Sonege', 'Eness', '2001-06-15', 'Female', 'seness@yahoo.com', '0988 040', '165 Cuming Street', 'New Haven', 'CT', '97823', 'USA', 1077),
(041, 'Musole', 'Princess', '2005-07-11', 'Female', 'pmusole@gmail.com', '0771 041', '920 Dodge Drive', 'Newark', 'NJ', '94019', 'USA', 1018),
(042, 'Chilongo', 'Connie', '1999-12-15', 'Female', 'cconnie@gamil.com', '0971 042', '275 Commercial Av.', 'North Sydney', 'NSW', '2060', 'Australia', 1112),
(043, 'Yildiz', 'Thomas', '1997-03-15', 'Male', 'ythomas@outlook.com', '0777 043', '28 Curtis Avenue', 'South Brisbane', 'Queensland', '4101', 'Australia', 1337),
(044, 'Kapansa', 'Romel', '1991-10-10', 'Male', 'kromel@outlook.com', '0771 044', '777 Farnam Drive', 'Vancouver', 'BC', 'V3F 2K1', 'Canada', 1323),
(045, 'Yaro', 'Diallo', '1993-10-28', 'Male', 'dyaro@yahoo.com', '0777 045', '1496 Florence Boulevard', 'Vancouver', 'BC', 'T2F 8M4', 'Canada', 1156),
(046, 'Mwashi', 'Blessing', '1995-06-12', 'Male', 'mblessing@hotmail.com', '0777 046', '48 Fontenelle Boulevard ', 'Paris', 'Null', '78000', 'France', 1333);

DROP TABLE IF EXISTS `category`;

CREATE TABLE `category`(
`categoryID` int auto_increment,
`category_name` varchar(45) not null,
`description` text not null,
PRIMARY KEY (`categoryID`)
) ENGINE = InnoDB DEFAULT CHARSET = latin1;

INSERT INTO `category`(`categoryID`, `category_name`, `description`) VALUES
(1, 'Baked Goods', 'Cooked by baking, a method of cooking food that uses prolonged dry heat'),
(2, 'Cereals', 'are the seeds of certain species of grasses'),
(3, 'Edible fungis', 'the fleshy and edible fruit bodies of several species of macrofungi'),
(4, 'Meat', 'Meat is animal flesh that is eaten as food'),
(5, 'Seafood', ' Seafood is any form of sea life regarded as food by humans'),
(6, 'Appetizers', 'Items served before the main courses of a meal'),
(7, 'Fast Food', 'Food that is prepared and served very quickly'),
(8, 'Dried Food', 'A method of food preservation that works by removing water from the food'),
(9, 'Desserts', 'A typically sweet course that may conclude a meal'),
(10, 'Salads', 'A ready-to-eat dish often containing leafy vegetables'),
(11, 'Sandwiches', 'A food item consisting of one or more types of food placed on or between slices of bread'),
(12, 'Snack Foods', 'A portion of food often smaller than a regular meal'),
(13, 'Soups', 'A primarily liquid food'),
(14, 'Sauces', 'A sauce is liquid, cream or semi-solid food served on or used in preparing other foods'),
(15, 'Convenience foods', 'Commercially prepared food designed for ease of consumption');

DROP TABLE IF EXISTS `suppliers`;

CREATE TABLE `suppliers`(
`supplierID` int auto_increment,
`company_name` varchar(45) not null,
`contact_name` varchar(45) not null,
`contact_title` varchar(45) not null,
`phone` varchar(20) not null,
`email` varchar(100) not null,
`address` varchar(255) not null,
`city` varchar(50) not null,
`state` varchar(50) not null,
`postal_code` varchar(20) not null,
`country` varchar(50) not null,
PRIMARY KEY (`supplierID`)
)ENGINE = InnoDB DEFAULT CHARSET = latin1;

INSERT INTO `suppliers`(`supplierID`, `company_name`, `contact_name`, `contact_title`, 
`phone`, `email`, `address`, `city`, `state`, `postal_code`, `country`) VALUES
(100, 'Brooklyn Born Chocolate', 'Owen Mughogho', 'Sales Rep', '0555 100', 'omuwowo@choco.com', '1880 Eyup Street', 'Ankara', 'ANK', '06010', 'Turkey'),
(101, 'Silver State Baking', 'Trey Nun', 'Sales Manager', '0550 101', 'tnun@state.com', '1990 Altindag Street', 'Istanbul', 'IST', '30510', 'Turkey'),
(102, 'Jimmys Express Courier Sa', 'Sam June', 'Sales Coordinator', '0540 102', 'sjune@express.com', '1770 Meyve Street', 'Trabzon', 'TRZ', '61101', 'Turkey'),
(103, 'Anber Inc.', 'Mandy Lee', 'Business Development', '0530 103', 'mlee@anber.com', '1600 Sincan Street', 'Samsun', 'SAM', '66101', 'Turkey'),
(104, 'Meatco', 'Sandra Downing', 'Sales Director', '0520 104', 'sdowning@meatco.com', '1500 Eryaman Street', 'Konya', 'KNY', '06110', 'Turkey'),
(105, 'ASM Meat Trading', 'Tutu Manning', 'Sales Rep', '0510 105', 'tmanning@meat.com', '1400 Yesilpinar Street', 'Manisa', 'MNS', '06130', 'Turkey'),
(106, 'Pacific Seafood', 'Chad Stewart', 'Sales Manager', '0550 106', 'cstewart@seafood.com', '1300 Aydinlik Street', 'Antalya', 'ANT', '06136', 'Turkey'),
(107, 'Ward Oyster Company', 'Mwiza Chileshe', 'Telemarketer', '0551 107', 'mchileshe@oyster.com', '1212 Kamwala Street', 'New York', 'NY', '10022', 'USA'),
(108, 'The Resident Chef', 'Oliver Chongo', 'Social Media Manager', '0551 108', 'ochongo@resident.com', '1515 Chimwemwe Street', 'Ndola', 'NDL', '44000', 'Zambia'),
(109, 'Savory Fine Foods', 'Chewe Kangwa', 'Marketing Specialist', '0551 109', 'ckangwa@savory.com', '1100 Chawama Street', 'Lusaka', 'LSK', '30040', 'Zambia'),
(110, 'Seasons Farm', 'Cythnia Musonda', 'SEO Specialist', '0552 110', 'cmusonda@seasons.com', '1200 Bonano Street', 'Las Vegas', 'LV', '83030', 'USA'),
(111, 'Trade Max Co.', 'Diana Kenzi', 'Marketing Manager', '0552 111', 'dkenzi@max.com', '1010 Longacre Street', 'Melbourne', 'Victoria', '3004', 'Australia'),
(112, 'Bagel Brothers', 'Nathan Turan', 'Market Analyst', '0552 112', 'nturan@bagel.com', '1202 Mutendere Street', 'San Francisco', 'CA', '94217', 'USA'),
(113, 'Shifa Dry Food', 'Daniel Mfuga', 'Product Manager', '0552 113', 'dmfuga@s-dry.com', '1880 Butondo Street', 'New York City', 'NYC', '10022', 'USA'),
(114, 'Ceres Time Kuruyemis', 'Paul Mfula', 'Sales and Marketing Manager', '0551 114', 'pmfula@c-time.com', '1997 Kamwala South St.', 'Kita-ku', 'Osaka', '0033', 'Japan'),
(115, 'Imra Sauces Co.', 'Lucent Mwila', 'Sales Rep', '0552 115', 'lmwila@imra.com', '1777 Alibey Street', 'Vancouver', 'BC', 'V3F 4K1', 'Canada');

DROP TABLE IF EXISTS `shippers`;

CREATE TABLE `shippers`(
`shipperID` int(10) not null,
`company_name` varchar(45) not null,
`contact_name` varchar(45) not null,
`phone` varchar(45) not null,
`email` varchar(45) not null,
`address` varchar(45) not null,
`city` varchar(45) not null,
`state` varchar(45) not null,
`postal_code` varchar(45) not null,
`country` varchar(45) not null,
`supplierID` int(10) not null,
PRIMARY KEY (`shipperID`),
KEY `supplierID` (`supplierID`),
CONSTRAINT `shippers_ibfk_1` FOREIGN KEY (`supplierID`) REFERENCES `suppliers` (`supplierID`)
) ENGINE = InnoDB DEFAULT CHARSET = latin1;

INSERT INTO `shippers`(`shipperID`, `company_name`, `contact_name`, `phone`, `email`, `address`, `city`, `state`, `postal_code`, `country`, `supplierID`) VALUES
(8001, 'Anber', 'Jeff Chewe', '0977 8001', 'jchewe@anber.com', '1456 Russell Road', 'Las Vegas', 'NV', '83030', 'USA', 103),
(8002, 'Meatco', 'Sandra Mwene', '0777 8002', 'smwene@meatco.com', '480 Allen Ave.', 'Glendale', 'CA', '92561', 'USA', 104),
(8003, 'Trade Max', 'Diana Mwenya', '0771 8803', 'dmwenya@trade.com', '685 Bradshaws St.', 'Hatfield', 'Pretoria', '0028', 'South Africa', 111),
(8004, 'Seasons Farm', 'Cynthia Lukonde', '0997 8004', 'clukonde@seasons.com', '485 West Road', 'Glendale', 'CT', '97823', 'USA', 110),
(8005, 'Bagel Brothers', 'Teddy Milandu', '0751 8005', 'mteddy@bagel.com', '850 S Las Vegas', 'Las Vegas', 'NV', '83030', 'USA', 112),
(8006, 'Brooklyn Born', 'Gift Kwenda', '0975 8006', 'gkwenda@born.com', '550 Montreal St.', 'Montreal', 'Quebec', 'H1J 1C3', 'Canada', 100),
(8007, 'Ceres Time', 'Kenny Kabwe', '0871 8007', 'kkabwe@time.com', '592 Broad Street', 'Newark', 'NJ', '94019', 'USA', 114),
(8008, 'Imra Sauces', 'Ian Bwalya', '0778 8008', 'bian@sauces.com', '175 Church Street', 'New Haven', 'CT', '97823', 'USA', 115),
(8009, 'Ward Oyster', 'Frank Mbewe', '0775 8009', 'fmbewe@oyster.com', '888 Dunsmuir Street', 'Vancouver', 'BC', 'V3F 2K1', 'Canada', 107),
(8010, 'Pacific Seafood', 'Kate Bwebya', '0772 8010', 'kbwebya@seafood.com', '45 Crown Street', 'South Brisbane', 'BC', 'T2F 8M4', 'Australia', 106),
(8011, 'Jimmy Express', 'Grace Chongo', '0891 8011', 'gchongo@express.com', '895 Alfred Street', 'North Sydney', 'NSW', '2060', 'Australia', 102),
(8012, 'Silver State', 'Sasha Bulongo', '0972 8012', 'bsasha@state.com', '25 Coleman Street', 'Glen Waverly', 'Victoria', '3150', 'Australia', 101),
(8013, 'Shifa Express', 'Carl Smith', '0966 8013', 'scarl@express.com', '65 Richards Avenue', 'Cambridge', 'MA', '51247', 'USA', 113);

DROP TABLE IF EXISTS `products`;

CREATE TABLE `products`(
`productID` int auto_increment,
`product_name` varchar(45) not null,
`supplierID` int(10) not null,
`categoryID` int(10) not null,
`quantity_per_unit` varchar(45) not null,
`unit_price` decimal(10,2) not null,
`units_in_stock` int(10) not null,
`units_on_order` int(10) not null,
PRIMARY KEY (`productID`),
KEY `supplierID` (`supplierID`),
KEY `categoryID` (`categoryID`),
CONSTRAINT `products_ibfk_1` FOREIGN KEY (`supplierID`) REFERENCES `suppliers` (`supplierID`),
CONSTRAINT `products_ibfk_2` FOREIGN KEY (`categoryID`) REFERENCES `category` (`categoryID`)
) ENGINE = InnoDB DEFAULT CHARSET = latin1;

INSERT INTO `products` (`productID`, `product_name`, `supplierID`, `categoryID`, `quantity_per_unit`, `unit_price`, `units_in_stock`, `units_on_order`) VALUES
(1678, 'Bread', 101, 1, '10 slices', '5.50', 1000, 575),
(1949, 'Beef Steak', 104, 4, '2 pieces', '45.00', 350, 175),
(2016, 'Shrimp', 106, 5, '20 shrimp', '32.00', 6500, 6200),
(4698, 'Hamburger', 105, 7, '1 full burger', '10.00', 400, 397), 
(4757, 'Tomato Sauce', 115, 14, '500ml bottle','9.50', 600, 510),
(4962, 'Mayonnaise', 115, 14, '350ml bottle', '7.50', 300, 200),
(1099, 'Chilli Sauce', 115, 14, '100ml bottle', '5.50', 420, 399),
(1108, 'Hot Dogs', 105, 7, '1 full bun', '6.50', 6500, 5080),
(1666, 'Fish', 106, 5,'5 per pack', '15.50', 1650, 1605),
(2823, 'Bagels', 112, 1, '1 piece', '3.50', 400, 379),
(3148,'Corn Flakes', 102, 2, '200 grams', '12.00', 1200, 1120),
(3380,'Honey', 111, 8, '150ml bottle', '25.00', 1000, 910),
(3891,'Jam', 111, 8, '450 grams','12.00', 1200, 1014),
(3990,'pasta', 111, 8, '500 grams', '8.00', 1000, 940),
(4473,'Chocolate', 102, 12, '28 grams', '15.00', 11000, 10350),
(4675,'Cakes', 109, 9, '2.5 kilogram', '65.00', 600, 518),
(1097,'Candy', 102, 15, '100 grams', '25.00', 4000, 3700),
(1129,'Taquitos', 100, 6, '4 pieces','25.00', 6000, 4550),
(1342,'Chicken', 104, 4, '1 kilogram', '18.00', 1500, 1180),
(1367,'Oat', 113, 2, '500 grams', '14.00', 1000, 950),
(1984,'Cheese Cake', 100, 1, '1.5 kilograms', '17.00', 600, 590);

DROP TABLE IF EXISTS `orders`;

CREATE TABLE `orders`(
`orderID` int(10) not null,
`customerID` int(10) not null,
`order_date` date not null,
`shipperID` int(10) not null,
`shipping_date` date not null,
`shipping_address` varchar(45) not null,
`total_amount` decimal(10,2) default null,
`order_status` varchar(45) not null,
`paymentdate` date not null,
`payment_method` varchar(45) not null,
`shipping_method` varchar(45) not null,
`notes` text not null,
PRIMARY KEY (`orderID`),
KEY `customerID` (`customerID`),
CONSTRAINT `orders_ibfk_1` FOREIGN KEY (`customerID`) REFERENCES `customers` (`customerID`),
CONSTRAINT `orders_ibfk_3` FOREIGN KEY (`shipperID`) REFERENCES `shippers` (`shipperID`)
) ENGINE = InnoDB DEFAULT CHARSET = latin1;

INSERT INTO `orders`(`orderID`, `customerID`, `order_date`, `shipperID`, `shipping_date`, `shipping_address`,
`total_amount`, `order_status`, `paymentdate`, `payment_method`, `shipping_method`, `notes`) VALUES
(10100, 010, '2008-01-06', 8001, '2008-01-08', '445 Montreal Street', '2500.00', 'Delivered', '2008-01-07', 'Cash', 'Priority Mail', 'Custom shipping instructions sent to warehouse'),
(10101, 007, '2013-01-09', 8002, '2013-01-10', '68 Bradshaws St.', '5400.00', 'Delivered', '2013-01-09', 'Installment', 'Expedited','Check on availability.'),
(10102, 003, '2023-01-10', 8003, '2023-01-13', '60311 Frankfurt Street', '6400.00', 'Pending', '2023-01-14', 'Credit', 'International Shipping', 'Custom shipping instructions sent to warehouse'),
(10103, 008, '2008-01-29', 8004, '2008-01-30', '850 N Las Vegas', '1500.00', 'Cancelled', '2008-01-30', 'Cash', 'Freight', 'Customer cancelled due to urgent budgeting issues'),
(10104, 002, '2010-01-31', 8005, '2010-02-02', '11 Richards Avenue', '450.00', 'Delivered', '2010-02-01', 'Cash', 'Local Delivery', 'Delivered in one piece'),
(10105, 006, '2009-02-11', 8006, '2009-02-14', '154 Allen Ave.', '6000.00', 'Delivered', '2009-02-12', 'Cheque', 'Multiple Addresses', 'Delivered in one piece'),
(10106, 004, '2007-02-17', 8007, '2007-02-19', '17 Coleman St.', '7000.00', 'Delivered', '2007-02-18', 'Cheque', 'Multiple Delivery', 'Delivered in one piece'),
(10107, 005, '2015-02-24', 8008, '2015-02-26', '400 West Road', '3200.00', 'Shipped', '2015-02-26', 'Cash', 'Overnight', 'We must be cautious with this customer'),
(10108, 009, '2016-03-03', 8009, '2016-03-08', '7 Roppongi', '6350.00', 'Delivered', '2016-03-03', 'Cheque', 'International', 'Delivered in one piece'),
(10109, 015, '2018-03-10', 8010, '2018-03-11', '777 Dunsmuir Street', '2700.00', 'Delivered', '2018-03-11', 'Cash', 'Freight', 'Delivered in one piece'),
(10110, 017, '2019-03-18', 8011, '2019-03-20', '48 Boulevard Jordan', '1800.00', 'Cancelled', '2019-03-20', 'Cash', 'Local Delivery', 'Customer cancelled due to urgent budgeting issues'),
(10111, 001, '2020-03-25', 8012, '2020-03-25', '3430 East Russell Rd', '2750.00', 'Processing', '2020-03-25', 'Cash', 'Flat Rate', 'We must be cautious with this customer'),
(10112, 011, '2021-03-24', 8013, '2021-03-26', '165 Church St', '8000.00', 'Pending', '2021-03-24', 'Cheque', 'Freight','Customer requested that extra things be included in the shippment'),
(10113, 010, '2008-09-06', 8001, '2008-09-08', '445 Montreal Street', '5000.00', 'Delivered', '2008-09-07', 'Cash', 'Priority Mail', 'Custom shipping instructions sent to warehouse'),
(10114, 007, '2013-05-09', 8002, '2013-05-10', '68 Bradshaws St.', '6400.00', 'Delivered', '2013-05-09', 'Installment', 'Expedited','Check on availability.'),
(10115, 003, '2023-06-10', 8003, '2023-06-13', '60311 Frankfurt Street', '7200.00', 'Pending', '2023-06-14', 'Credit', 'International Shipping', 'Custom shipping instructions sent to warehouse'),
(10116, 008, '2008-02-27', 8004, '2008-02-28', '850 N Las Vegas', '3000.00', 'Cancelled', '2008-02-30', 'Cash', 'Priority Mail', 'Customer cancelled due to urgent budgeting issues'),
(10117, 002, '2010-05-27', 8005, '2010-05-02', '11 Richards Avenue', '1950.00', 'Delivered', '2010-05-01', 'Cash', 'Expedited', 'Delivered in one piece'),
(10118, 006, '2009-07-11', 8006, '2009-07-14', '154 Allen Ave.', '3500.00', 'Delivered', '2009-07-12', 'Cheque', 'Multiple Addresses', 'Should be delivered between 2pm and 4pm'),
(10119, 004, '2007-03-17', 8007, '2007-03-19', '17 Coleman St.', '9000.00', 'Delivered', '2007-03-18', 'Cheque', 'Multiple Delivery', 'Delivered in one piece to all addresses'),
(10120, 005, '2015-10-24', 8008, '2015-10-28', '400 West Road', '5200.00', 'Shipped', '2015-10-26', 'Cash', 'Overnight', 'Express Delivery'),
(10121, 009, '2016-08-03', 8009, '2016-08-08', '7 Roppongi', '4350.00', 'Delivered', '2016-08-03', 'Cheque', 'International', 'Delivered in one piece'),
(10122, 015, '2018-09-10', 8010, '2018-09-11', '777 Dunsmuir Street', '6700.00', 'Delivered', '2018-09-11', 'Cash', 'Freight', 'Delivered in one piece'),
(10123, 017, '2019-06-18', 8011, '2019-06-20', '48 Boulevard Jordan', '4800.00', 'Cancelled', '2019-06-20', 'Cash', 'Overnight', 'Breakable'),
(10124, 001, '2020-09-25', 8012, '2020-09-25', '3430 East Russell Rd', '4750.00', 'Processing', '2020-09-25', 'Cash', 'Freight', 'We must be cautious with this customer'),
(10125, 011, '2021-05-24', 8013, '2021-05-26', '165 Church St', '5000.00', 'Pending', '2021-05-24', 'Cheque', 'International Shipping','Customer requested that extra things be included in the shippment'),
(10126, 014, '2008-02-21', 8004, '2008-02-23', '28 Crown Street', '3000.00', 'Cancelled', '2008-02-30', 'Cash', 'Priority Mail', 'Customer cancelled due to urgent budgeting issues'),
(10127, 020, '2010-05-30', 8005, '2010-05-02', '60311 Morton Valley St.', '950.00', 'Delivered', '2010-05-01', 'Cash', 'Expedited', 'Delivered in one piece'),
(10128, 026, '2009-07-11', 8006, '2009-07-14', '7 Frenchman street', '3500.00', 'Delivered', '2009-07-12', 'Cheque', 'Multiple Addresses', 'Should be delivered between 2pm and 4pm'),
(10129, 024, '2007-03-17', 8007, '2007-03-19', '68 Carollton St.', '9000.00', 'Delivered', '2007-03-18', 'Cheque', 'Multiple Delivery', 'Delivered in one piece to all addresses'),
(10130, 025, '2015-10-24', 8008, '2015-10-28', '850 Desire Street', '5200.00', 'Shipped', '2015-10-26', 'Cash', 'Overnight', 'Express Delivery'),
(10131, 029, '2016-08-03', 8009, '2016-08-08', '920 Lakeshore Drive', '4350.00', 'Delivered', '2016-08-03', 'Cheque', 'International', 'Delivered in one piece'),
(10132, 035, '2018-09-10', 8010, '2018-09-11', '154 Blair High Ave.', '6700.00', 'Delivered', '2018-09-11', 'Cash', 'Freight', 'Delivered in one piece'),
(10133, 027, '2019-06-18', 8011, '2019-06-20', '445 Howard Street', '4800.00', 'Cancelled', '2019-06-20', 'Cash', 'Overnight', 'Breakable'),
(10134, 030, '2020-09-25', 8012, '2020-09-25', '275 Loyola Street', '4750.00', 'Processing', '2020-09-25', 'Cash', 'Freight', 'We must be cautious with this customer'),
(10135, 031, '2021-05-24', 8013, '2021-05-26', '28 Jackson Avenue', '5000.00', 'Pending', '2021-05-24', 'Cheque', 'International Shipping','Customer requested that extra things be included in the shippment'),
(10136, 038, '2008-02-23', 8004, '2008-02-24', '7 Crown Point Av.', '3000.00', 'Cancelled', '2008-02-30', 'Cash', 'Priority Mail', 'Customer cancelled due to urgent budgeting issues'),
(10137, 032, '2010-05-30', 8005, '2010-05-02', '777 Marengo Drive', '950.00', 'Delivered', '2010-05-01', 'Cash', 'Expedited', 'Delivered in one piece'),
(10138, 026, '2009-07-11', 8006, '2009-07-14', '7 Frenchman street', '3500.00', 'Delivered', '2009-07-12', 'Cheque', 'Multiple Addresses', 'Should be delivered between 2pm and 4pm'),
(10139, 034, '2007-03-17', 8007, '2007-03-19', '48 Peters Boulevard ', '9000.00', 'Delivered', '2007-03-18', 'Cheque', 'Multiple Delivery', 'Delivered in one piece to all addresses'),
(10140, 018, '2015-10-24', 8008, '2015-10-28', '3430 Hamilton Rd', '5200.00', 'Shipped', '2015-10-26', 'Cash', 'Overnight', 'Express Delivery'),
(10141, 039, '2016-08-03', 8009, '2016-08-08', ' 445 Dunlop Street', '4350.00', 'Delivered', '2016-08-03', 'Cheque', 'International', 'Delivered in one piece'),
(10142, 044, '2018-09-10', 8010, '2018-09-11', '777 Farnam Drive', '4750.00', 'Delivered', '2018-09-11', 'Cash', 'Freight', 'Delivered in one piece'),
(10143, 014, '2019-06-18', 8011, '2019-06-20', '28 Crown Street', '4800.00', 'Cancelled', '2019-06-20', 'Cash', 'Overnight', 'Breakable'),
(10144, 018, '2020-09-25', 8012, '2020-09-25', '3430 Hamilton Rd', '4750.00', 'Processing', '2020-09-25', 'Cash', 'Freight', 'We must be cautious with this customer'),
(10145, 042, '2021-05-24', 8013, '2021-05-26', '275 Commercial Av.', '5000.00', 'Pending', '2021-05-24', 'Cheque', 'International Shipping','Customer requested that extra things be included in the shippment'),
(10146, 031, '2021-05-24', 8013, '2021-05-26', '28 Jackson Avenue', '3700.00', 'Pending', '2021-05-24', 'Cheque', 'International Shipping','Customer requested that extra things be included in the shippment'),
(10147, 038, '2008-02-16', 8004, '2008-02-18', '7 Crown Point Av.', '3000.00', 'Cancelled', '2008-02-30', 'Cash', 'Priority Mail', 'Customer cancelled due to urgent budgeting issues'),
(10148, 032, '2010-05-29', 8005, '2010-05-02', '777 Marengo Drive', '1950.00', 'Delivered', '2010-05-01', 'Cash', 'Expedited', 'Delivered in one piece'),
(10149, 046, '2009-07-11', 8006, '2009-07-14', '48 Fontenelle Boulevard ', '3500.00', 'Delivered', '2009-07-12', 'Cheque', 'Multiple Addresses', 'Should be delivered between 2pm and 4pm'),
(10150, 034, '2007-03-17', 8007, '2007-03-19', '48 Peters Boulevard ', '6500.00', 'Delivered', '2007-03-18', 'Cheque', 'Multiple Delivery', 'Delivered in one piece to all addresses'),
(10151, 045, '2015-10-24', 8008, '2015-10-28', '1496 Florence Boulevard', '7200.00', 'Shipped', '2015-10-26', 'Cash', 'Overnight', 'Express Delivery'),
(10152, 013, '2016-08-03', 8009,'2016-08-08', ' 445 Dunlop Street', '4350.00', 'Delivered', '2016-08-03', 'Cheque', 'International', 'Delivered in one piece'),
(10153, 012, '2018-09-10', 8010, '2018-09-11', '920 Broad Street', '6700.00', 'Delivered', '2018-09-11', 'Cash', 'Freight', 'Delivered in one piece'),
(10154, 037, '2019-06-18', 8011, '2019-06-20', '850 Center Street', '4800.00', 'Cancelled', '2019-06-20', 'Cash', 'Overnight', 'Breakable'),
(10155, 041, '2020-09-25', 8012, '2020-09-25', '920 Dodge Drive', '5750.00', 'Processing', '2020-09-25', 'Cash', 'Freight', 'We must be cautious with this customer'),
(10156, 042, '2021-05-24', 8013, '2021-05-26', '275 Commercial Av.', '6525.00', 'Pending', '2021-05-24', 'Cheque', 'International Shipping','Customer requested that extra things be included in the shippment'),
(10157, 013, '2021-05-24', 8013, '2021-05-26', '275 Alfred Street', '5000.00', 'Pending', '2021-05-24', 'Cheque', 'International Shipping','Customer requested that extra things be included in the shippment'),
(10158, 031, '2021-05-24', 8013, '2021-05-26', '28 Jackson Avenue', '5000.00', 'Pending', '2021-05-24', 'Cheque', 'International Shipping','Customer requested that extra things be included in the shippment'),
(10159, 038, '2008-02-12', 8004, '2008-02-15', '7 Crown Point Av.', '4500.00', 'Cancelled', '2008-02-30', 'Cash', 'Priority Mail', 'Customer cancelled due to urgent budgeting issues'),
(10160, 032, '2010-05-30', 8005, '2010-05-02', '777 Marengo Drive', '950.00', 'Delivered', '2010-05-01', 'Cash', 'Expedited', 'Delivered in one piece'),
(10161, 046, '2009-07-11', 8006, '2009-07-14', '48 Fontenelle Boulevard', '6500.00', 'Delivered', '2009-07-12', 'Cheque', 'Multiple Addresses', 'Should be delivered between 2pm and 4pm'),
(10162, 034, '2007-03-17', 8007, '2007-03-19', '48 Peters Boulevard', '9000.00', 'Delivered', '2007-03-18', 'Cheque', 'Multiple Delivery', 'Delivered in one piece to all addresses'),
(10163, 045, '2015-10-24', 8008, '2015-10-28', '1496 Florence Boulevard', '5200.00', 'Shipped', '2015-10-26', 'Cash', 'Overnight', 'Express Delivery'),
(10164, 039, '2016-08-03', 8009, '2016-08-08', '445 Dunlop Street', '8350.00', 'Delivered', '2016-08-03', 'Cheque', 'International', 'Delivered in one piece'),
(10165, 044, '2018-09-10', 8010, '2018-09-11', '777 Farnam Drive', '6700.00', 'Delivered', '2018-09-11', 'Cash', 'Freight', 'Delivered in one piece'),
(10166, 037, '2019-06-18', 8011, '2019-06-20', '850 Center Street', '3800.00', 'Cancelled', '2019-06-20', 'Cash', 'Overnight', 'Breakable'),
(10167, 041, '2020-09-25', 8012, '2020-09-25', '920 Dodge Drive', '4750.00', 'Processing', '2020-09-25', 'Cash', 'Freight', 'We must be cautious with this customer'),
(10168, 016, '2021-05-24', 8013, '2021-05-26', '1496 Cartwright Street', '5000.00', 'Pending', '2021-05-24', 'Cheque', 'International Shipping','Customer requested that extra things be included in the shippment');

DROP TABLE IF EXISTS `orderdetails`;

CREATE TABLE `orderdetails`(
`order_detailID` int(10) not null,
`orderID` int(10) not null,
`productID` int(10) not null,
`quantity` int(10) not null,
`unit_price` decimal(10,2) not null,
`discount` decimal(10,2) default 0.00,
`total_amount` decimal(10,2) as (quantity * unit_price - discount) stored,
PRIMARY KEY (`order_detailID`),
KEY `orderID` (`orderID`),
KEY `productID` (`productID`),
CONSTRAINT `orderdetails_ibfk_1` FOREIGN KEY (`orderID`) REFERENCES `orders` (`orderID`),
CONSTRAINT `orderdetails_ibfk_2` FOREIGN KEY (`productID`) REFERENCES `products` (`productID`)
) ENGINE = InnoDB DEFAULT CHARSET = latin1;

INSERT INTO `orderdetails` (`order_detailID`, `orderID`, `productID`, `quantity`, `unit_price`, `discount`) VALUES
(10001, 10100, 1949, 30,'45.00', '15.00'),
(10002, 10101, 4698, 102, '10.00', '0.50'),
(10003, 10102, 1984, 140, '17.00', '1.00'),
(10004, 10103, 3891, 389, '12.00', '0.75'),
(10005, 10104, 4757, 135, '9.50', '0.25'),
(10006, 10105, 1108, 1510, '6.50', '0.25'),
(10007, 10106, 3148, 400, '12.00', '0.75'),
(10008, 10107, 2823, 99, '3.50', '0.00'),
(10009, 10108, 1666, 555, '15.50', '1.50'),
(10010, 10109, 2016, 1500, '32.00', '2.00'),
(10011, 10110, 1678, 75, '5.50', '0.50'),
(10012, 10111, 4473, 4900, '15.00', '1.25'),
(10013, 10112, 4675, 98, '65.00', '7.50'),
(10014, 10113, 1367, 480, '14.00', '1.50'),
(10015, 10114, 1097, 1500, '25.00', '3.50'),
(10016, 10115, 3380, 330, '25.00', '2.50'),
(10017, 10116, 1099, 69, '5.50', '0.50'),
(10018, 10117, 2016, 1500, '32.00', '2.00'),
(10019, 10118, 1678, 75, '5.50', '0.50'),
(10020, 10119, 4473, 4900, '15.00', '1.25'),
(10021, 10120, 4675, 98, '65.00', '7.50'),
(10022, 10121, 1367, 480, '14.00', '1.50'),
(10023, 10122, 1097, 1500, '25.00', '3.50'),
(10024, 10123, 3380, 330, '25.00', '2.50'),
(10025, 10124, 1099, 69, '5.50', '0.50'),
(10026, 10148, 1949, 120, '45.00', '2.00'),
(10027, 10149, 4698, 175, '10.00', '1.50'),
(10028, 10150, 1984, 290, '17.00', '1.00'),
(10029, 10151, 3891, 375, '12.00', '2.75'),
(10030, 10152, 4757, 175, '9.50', '1.25'),
(10031, 10153, 1108, 1570, '6.50', '2.25'),
(10032, 10154, 3148, 420, '12.00', '2.75'),
(10033, 10155, 2823, 140, '3.50', '0.70'),
(10034, 10156, 1666, 650, '15.50', '3.25'),
(10035, 10157, 2016, 3500, '32.00', '4.00'),
(10036, 10158, 1342, 650, '5.50', '2.50'),
(10037, 10159, 1129, 1200, '15.00', '4.25'),
(10038, 10160, 4675, 320, '65.00', '7.50'),
(10039, 10161, 1342, 450, '14.00', '1.50'),
(10040, 10162, 3990, 220, '25.00', '3.50'),
(10041, 10163, 3380, 330, '25.00', '2.50'),
(10042, 10164, 1099, 150, '5.50', '0.50'),
(10043, 10165, 3990, 140, '32.00', '2.00'),
(10044, 10166, 1129, 950, '5.50', '0.50'),
(10045, 10167, 4473, 2750, '15.00', '2.25'),
(10046, 10168, 1097, 1200, '65.00', '5.50'),
(10047, 10125, 1367, 320, '14.00', '1.50'),
(10048, 10126, 1984, 160, '25.00', '3.50'),
(10049, 10127, 1108, 2000, '25.00', '2.50'),
(10050, 10128, 1666, 400, '5.50', '0.50'),
(10051, 10129, 3148, 300, '25.00', '1.95'),
(10052, 10130, 2823, 140, '5.50', '3.50'),
(10053, 10131, 1342, 280, '32.00', '1.75'),
(10054, 10132, 1129, 800, '5.50', '1.50'),
(10055, 10133, 3990, 300, '15.00', '1.25'),
(10056, 10134, 3891, 250, '65.00', '7.50'),
(10057, 10135, 4757, 200, '14.00', '1.50'),
(10058, 10136, 4698, 120, '25.00', '5.50'),
(10059, 10137, 1949, 20, '25.00', '3.50'),
(10060, 10138, 1099, 100, '5.50', '3.50'),
(10061, 10139, 3380, 250, '25.00', '1.55'),
(10062, 10140, 1099, 80, '5.50', '0.50'),
(10063, 10141, 2016, 1200, '32.00', '2.00'),
(10064, 10142, 1678, 500, '5.50', '6.50'),
(10065, 10143, 4473, 2700, '15.00', '1.00'),
(10066, 10144, 4675, 100, '65.00', '7.50'),
(10067, 10145, 1367, 150, '14.00', '2.75'),
(10068, 10146, 1097, 1000, '25.00', '2.50');

/*!40101 SET SQL_MODE=@OLD_SQL_MODE */;
/*!40014 SET FOREIGN_KEY_CHECKS=@OLD_FOREIGN_KEY_CHECKS */;
/*!40014 SET UNIQUE_CHECKS=@OLD_UNIQUE_CHECKS */;
/*!40111 SET SQL_NOTES=@OLD_SQL_NOTES */;